[
  {
    "name": "theme_info",
    "theme_name": "Oubon Shop",
    "theme_version": "1.0.0",
    "theme_author": "Oubon Shop",
    "theme_documentation_url": "https://github.com/oubon-shop/theme",
    "theme_support_url": "mailto:hello@oubonshop.com"
  },
  {
    "name": "Colors",
    "settings": [
      {
        "type": "header",
        "content": "Brand Colors"
      },
      {
        "type": "color",
        "id": "color_primary",
        "label": "Primary Color (Black)",
        "default": "#000000"
      },
      {
        "type": "color",
        "id": "color_accent",
        "label": "Accent Color (Electric Blue)",
        "default": "#3b82f6"
      },
      {
        "type": "color",
        "id": "color_success",
        "label": "Success Color (Green)",
        "default": "#10b981"
      }
    ]
  },
  {
    "name": "Typography",
    "settings": [
      {
        "type": "header",
        "content": "Fonts"
      },
      {
        "type": "font_picker",
        "id": "type_header_font",
        "default": "assistant_n4",
        "label": "Headings",
        "info": "Theme uses Inter by default from Google Fonts"
      },
      {
        "type": "font_picker",
        "id": "type_body_font",
        "default": "assistant_n4",
        "label": "Body text",
        "info": "Theme uses Inter by default from Google Fonts"
      }
    ]
  },
  {
    "name": "Social Media",
    "settings": [
      {
        "type": "header",
        "content": "Social Links"
      },
      {
        "type": "text",
        "id": "social_instagram_link",
        "label": "Instagram",
        "info": "https://instagram.com/yourusername"
      },
      {
        "type": "text",
        "id": "social_twitter_link",
        "label": "Twitter",
        "info": "https://twitter.com/yourusername"
      },
      {
        "type": "text",
        "id": "social_facebook_link",
        "label": "Facebook",
        "info": "https://facebook.com/yourpage"
      }
    ]
  },
  {
    "name": "Cart",
    "settings": [
      {
        "type": "header",
        "content": "Cart Settings"
      },
      {
        "type": "checkbox",
        "id": "cart_notes_enable",
        "label": "Enable cart notes",
        "default": false
      },
      {
        "type": "select",
        "id": "cart_type",
        "label": "Cart type",
        "options": [
          {
            "value": "drawer",
            "label": "Drawer"
          },
          {
            "value": "page",
            "label": "Page"
          }
        ],
        "default": "drawer"
      }
    ]
  },
  {
    "name": "Favicon",
    "settings": [
      {
        "type": "image_picker",
        "id": "favicon",
        "label": "Favicon image",
        "info": "32 x 32px .png recommended"
      }
    ]
  }
]
